image_path,num_gt_tokens,num_pred_tokens,token_edits,token_error_rate,cer,error_tokens,error_entropies,error_probs
data/oldNepaliDataset_new/images/CA__The Cambridge Manuscript_Page_003/eSc_line_c539e2c4.png,82,80,2,0.024390243902439025,0.03333333507180214,,,
data/oldNepaliDataset_new/images/DNA_0012_0007/eSc_line_3cd0a031.png,47,48,5,0.10638297872340426,0.056603774428367615,क|ा|र|ज,1.4536246453644708e-05|4.77309095003875e-06|7.5307375482225325e-06|0.0012292943429201841,0.9999992847442627|0.9999998807907104|0.9999996423721313|0.9998968839645386
data/oldNepaliDataset_new/images/DNA_1_00000523/eSc_line_ce78f8da.png,5,6,2,0.4,0.4000000059604645,ल|्,0.7647658586502075|0.9881038069725037,0.8456902503967285|0.6012563109397888
data/oldNepaliDataset_new/images/DNA_1_00000054/eSc_line_c3b06a9d.png,57,55,2,0.03508771929824561,0.03333333507180214,,,
data/oldNepaliDataset_new/images/20/eSc_line_10f1f218.png,71,73,3,0.04225352112676056,0.012195121496915817,त|ु|न,0.008673310279846191|0.3701689839363098|6.907057104399428e-05,0.9989292025566101|0.9156051874160767|0.9999959468841553
data/oldNepaliDataset_new/images/DNA_0001_0368/eSc_line_78a84a60.png,49,50,3,0.061224489795918366,0.05882352963089943,.|घ|ह,0.39940452575683594|0.8738319277763367|1.1579463481903076,0.879285991191864|0.7974826693534851|0.4896496832370758
data/oldNepaliDataset_new/images/DNA_0015_0290/eSc_line_e6979dc9.png,53,52,4,0.07547169811320754,0.050847455859184265,न|नक|ु,0.0001305585610680282|0.016327042132616043|0.0005032685585319996,0.9999908208847046|0.9982848763465881|0.9999556541442871
data/oldNepaliDataset_new/images/DNA_2_00000293_result/eSc_line_268bc19d.png,45,46,3,0.06666666666666667,0.06382978707551956,पत|व|।,0.06191903352737427|0.005181207787245512|0.002110616769641638,0.9899489879608154|0.999543309211731|0.99981290102005
data/oldNepaliDataset_new/images/DNA_1_00000410/eSc_line_32ed68b3.png,42,40,3,0.07142857142857142,0.06521739065647125,प,0.9835772514343262,0.5285946130752563
data/oldNepaliDataset_new/images/DNA_0001_0006/eSc_line_71b86d70.png,50,51,4,0.08,0.050847455859184265,अ|च|द|ध,0.029921896755695343|1.0865678787231445|1.4793109893798828|1.5187448263168335,0.9953163862228394|0.6054469347000122|0.43452510237693787|0.5295689702033997
data/oldNepaliDataset_new/images/DNA_0001_0006/eSc_line_a98054da.png,27,26,1,0.037037037037037035,0.03846153989434242,ा,0.6316413283348083,0.8066737651824951
data/oldNepaliDataset_new/images/DNA_0013_0522/eSc_line_407e0c54.png,70,75,9,0.12857142857142856,0.1066666692495346,ं|ड|्|न|्|रभ|ं|ध|उ,0.0009508113726042211|1.762921929359436|0.1426791250705719|0.20124514400959015|0.00017510449106339365|0.3649004101753235|0.39954856038093567|0.22150325775146484|1.1180258989334106,0.9999265670776367|0.4109854996204376|0.978698194026947|0.9645406603813171|0.9999867677688599|0.9207263588905334|0.8890304565429688|0.9438242316246033|0.5127364993095398
data/oldNepaliDataset_new/images/DNA_1_00000137/eSc_line_abd0a4ba.png,55,55,0,0.0,0.0,,,
data/oldNepaliDataset_new/images/DNA_1_00000356/eSc_line_36727847.png,45,45,4,0.08888888888888889,0.0416666679084301,ह|्,0.04456714540719986|9.203993249684572e-05,0.9924806356430054|0.9999933242797852
data/oldNepaliDataset_new/images/DNA_2_00000030_result/eSc_line_3b81bca8.png,38,38,7,0.18421052631578946,0.17391304671764374,तक|ह|व|ह|ां|्,0.04009329155087471|0.00015433900989592075|0.02124852128326893|1.4041037559509277|0.24563059210777283|1.2293019608478062e-05,0.994080126285553|0.9999890327453613|0.997061550617218|0.6806042790412903|0.9410925507545471|0.9999994039535522
data/oldNepaliDataset_new/images/DNA_1_00000316/eSc_line_fc6e9879.png,41,41,2,0.04878048780487805,0.043478261679410934,्|ा,0.0007757312268950045|0.024102037772536278,0.9999418258666992|0.9963679313659668
data/oldNepaliDataset_new/images/DNA_1_00000410/eSc_line_b1c5038e.png,35,35,0,0.0,0.0,,,
data/oldNepaliDataset_new/images/CA__The Cambridge Manuscript_Page_003/eSc_line_4946f907.png,77,76,2,0.025974025974025976,0.023255813866853714,ट,0.7271367311477661,0.6411604285240173
data/oldNepaliDataset_new/images/DNA_0014_0135/eSc_line_86d45e02.png,54,54,0,0.0,0.0,,,
data/oldNepaliDataset_new/images/DNA_1_00000137/eSc_line_f5df72da.png,49,48,2,0.04081632653061224,0.05454545468091965,त|ुँ,0.05012650415301323|1.026475429534912,0.9916232228279114|0.6087768077850342
data/oldNepaliDataset_new/images/DNA_1_00000523/eSc_line_60a64711.png,5,5,0,0.0,0.0,,,
data/oldNepaliDataset_new/images/DNA_0013_0333/eSc_line_7814c697.png,70,69,3,0.04285714285714286,0.04054053872823715,र|म,0.03927302733063698|0.11488034576177597,0.9952428936958313|0.9756139516830444
data/oldNepaliDataset_new/images/DNA_0011_0647/eSc_line_99c71441.png,2,2,1,0.5,0.5,1,0.5455743670463562,0.8177311420440674
data/oldNepaliDataset_new/images/DNA_0013_0382/eSc_line_053ba3a0.png,11,11,0,0.0,0.0,,,
data/oldNepaliDataset_new/images/15/eSc_line_ce366a0c.png,81,81,0,0.0,0.0,,,
data/oldNepaliDataset_new/images/DNA_0001_0368/eSc_line_3a3608fb.png,50,50,1,0.02,0.01923076994717121,ट,0.3285549283027649,0.8993303179740906
data/oldNepaliDataset_new/images/DNA_0001_0368/eSc_line_6ef606dc.png,52,52,0,0.0,0.0,,,
data/oldNepaliDataset_new/images/DNA_2_00000110_result/eSc_line_0c36b432.png,5,5,0,0.0,0.0,,,
data/oldNepaliDataset_new/images/DNA_2_00000293_result/eSc_line_23ab474e.png,45,31,14,0.3111111111111111,0.3125,,,
data/oldNepaliDataset_new/images/CA__The Cambridge Manuscript_Page_004/eSc_line_0d73ae5f.png,71,71,0,0.0,0.0,,,
data/oldNepaliDataset_new/images/DNA_2_00000110_result/eSc_line_fefebea5.png,63,63,3,0.047619047619047616,0.05882352963089943,ा|ं|ड,0.01425932813435793|0.7123004198074341|0.036828506737947464,0.9980442523956299|0.6267395615577698|0.9950010180473328
data/oldNepaliDataset_new/images/DNA_2_00000327_result/eSc_line_4202ed15.png,80,77,15,0.1875,0.21176470816135406,ल|र|पम|ु|गर|वत|े|छ|स|र|ं|क|त|मल|.,0.48672229051589966|0.0004052645235788077|0.6309364438056946|1.0065375566482544|1.35017728805542|0.2912304997444153|1.3498084545135498|0.2723833918571472|9.67730738921091e-06|5.100304406369105e-05|0.8099024295806885|0.40182408690452576|0.0011168187484145164|0.17852474749088287|1.6646648873575032e-05,0.8115845918655396|0.9999698400497437|0.8270354866981506|0.5121906995773315|0.6011120080947876|0.9563140273094177|0.6538457870483398|0.9587876796722412|0.9999995231628418|0.9999971389770508|0.701271653175354|0.9168839454650879|0.9999017715454102|0.9576495885848999|0.9999991655349731
data/oldNepaliDataset_new/images/DNA_2_00000293_result/eSc_line_96ceac53.png,27,27,1,0.037037037037037035,0.03333333507180214,्,0.30477187037467957,0.9097527265548706
data/oldNepaliDataset_new/images/DNA_1_00000356/eSc_line_a38a0f51.png,42,41,5,0.11904761904761904,0.06976744532585144,ह|्,0.0418684259057045|1.0208875210082624e-05,0.99320387840271|0.9999995231628418
data/oldNepaliDataset_new/images/20/eSc_line_aa683317.png,70,67,6,0.08571428571428572,0.07500000298023224,त|ै|व,0.04303395748138428|0.000590028241276741|0.59391188621521,0.9936042428016663|0.9999548196792603|0.7202516794204712
data/oldNepaliDataset_new/images/DNA_0013_0472/eSc_line_0987d07d.png,94,92,4,0.0425531914893617,0.059405941516160965,ण|्|प|न,0.12282237410545349|0.7038748860359192|0.010101639665663242|0.5158204436302185,0.9758384823799133|0.7681665420532227|0.9988033771514893|0.8036630153656006
data/oldNepaliDataset_new/images/DNA_1_00000356/eSc_line_9626168a.png,6,6,0,0.0,0.0,,,
data/oldNepaliDataset_new/images/DNA_1_00000410/eSc_line_7a52bc2f.png,31,32,7,0.22580645161290322,0.23529411852359772,्|रम|।|े|्|न,1.0037767887115479|0.003182975109666586|0.004377272445708513|0.11226364970207214|0.4801941215991974|0.6951290369033813,0.7061969041824341|0.9996920824050903|0.9995380640029907|0.9764471650123596|0.8200564980506897|0.6730349063873291
data/oldNepaliDataset_new/images/15/eSc_line_6c0890e4.png,83,82,2,0.024096385542168676,0.033707864582538605,सम,0.5974987745285034,0.869339108467102
data/oldNepaliDataset_new/images/CA__The Cambridge Manuscript_Page_006/eSc_line_c061213c.png,69,69,0,0.0,0.0,,,
data/oldNepaliDataset_new/images/DNA_2_00000394_result/eSc_line_e03f77cb.png,41,41,0,0.0,0.0,,,
data/oldNepaliDataset_new/images/DNA_0015_0290/eSc_line_9ab4d0d3.png,65,63,2,0.03076923076923077,0.02985074557363987,,,
data/oldNepaliDataset_new/images/DNA_0012_0007/eSc_line_4ceb9aa6.png,48,49,1,0.020833333333333332,0.018518518656492233,.,0.6521255970001221,0.6521981358528137
data/oldNepaliDataset_new/images/DNA_0013_0522/eSc_line_761e4fd1.png,82,75,7,0.08536585365853659,0.1744185984134674,0|द|ध|प|स|ी|1,1.7665839195251465|0.5746270418167114|0.7377174496650696|0.032267872244119644|0.0006564721697941422|0.43441829085350037|0.9251585006713867,0.38942936062812805|0.86653733253479|0.5371323227882385|0.9959438443183899|0.9999426603317261|0.8444586992263794|0.6159900426864624
data/oldNepaliDataset_new/images/DNA_2_00000115_result/eSc_line_70f26fa5.png,54,52,3,0.05555555555555555,0.0535714291036129,ा,0.6885846853256226,0.6808996796607971
data/oldNepaliDataset_new/images/CA__The Cambridge Manuscript_Page_001/eSc_line_83b6c6f1.png,78,77,1,0.01282051282051282,0.01149425283074379,,,
data/oldNepaliDataset_new/images/DNA_0013_0439/eSc_line_7f2ce926.png,44,43,2,0.045454545454545456,0.03999999910593033,ि,0.3853664696216583,0.8709506988525391
data/oldNepaliDataset_new/images/DNA_0003_0551/eSc_line_e3b33def.png,43,43,5,0.11627906976744186,0.1489361673593521,रल|्|र|्|रन,0.009369432926177979|0.2961655259132385|0.13892722129821777|5.231029717833735e-05|0.8920099139213562,0.9991326928138733|0.913089394569397|0.9702475666999817|0.9999966621398926|0.6162691116333008
data/oldNepaliDataset_new/images/DNA_0013_0160/eSc_line_d193b6ab.png,110,105,11,0.1,0.12068965286016464,े|स|च|म|ष|ठ|ग,0.999180793762207|0.6876851916313171|0.8633192181587219|0.9157228469848633|1.083706259727478|1.2354228496551514|0.5074553489685059,0.7454779148101807|0.7544854283332825|0.7755486965179443|0.6777811646461487|0.6558611989021301|0.5430915951728821|0.824140191078186
data/oldNepaliDataset_new/images/20/eSc_line_5568b30b.png,69,69,2,0.028985507246376812,0.027397260069847107,ा|।,5.497110396390781e-05|0.0015480979345738888,0.9999967813491821|0.9998703002929688
data/oldNepaliDataset_new/images/DNA_2_00000327_result/eSc_line_00972282.png,72,73,15,0.20833333333333334,0.1358024626970291,म|घ|्|त|ो|ष|ा|स|ं|ख|ा,0.6949529647827148|0.0020102052949368954|0.9453504085540771|0.7554900646209717|0.0006018674466758966|0.0007256175158545375|1.6996960766846314e-05|0.00014594211825169623|0.001112266443669796|0.9441072344779968|0.0015060144942253828,0.5130603313446045|0.9998165965080261|0.6417485475540161|0.7799098491668701|0.999951958656311|0.9999425411224365|0.9999990463256836|0.9999904632568359|0.9999058246612549|0.749836802482605|0.9998867511749268
data/oldNepaliDataset_new/images/DNA_1_00000523/eSc_line_2bb9f6bf.png,25,25,0,0.0,0.0,,,
data/oldNepaliDataset_new/images/CA__The Cambridge Manuscript_Page_021/eSc_line_71c6ab0d.png,80,80,1,0.0125,0.012195121496915817,ि,6.16751094639767e-06,0.9999998807907104
data/oldNepaliDataset_new/images/DNA_2_00000293_result/eSc_line_1da5f010.png,52,54,4,0.07692307692307693,0.06896551698446274,्|र|व|द,0.003708659205585718|0.00162403448484838|0.021203473210334778|0.4606962502002716,0.9996058344841003|0.9998629093170166|0.9972858428955078|0.8296756148338318
data/oldNepaliDataset_new/images/DNA_0014_0135/eSc_line_8fdab100.png,50,50,0,0.0,0.0,,,
data/oldNepaliDataset_new/images/DNA_2_00000327_result/eSc_line_ac08e6d2.png,74,70,13,0.17567567567567569,0.19230769574642181,�|�|व|न|म|भन|्|छ|्|ा|थ|ै,0.8988795876502991|0.7337498068809509|0.45991572737693787|0.185386061668396|0.2698492705821991|0.006096941884607077|0.06482637673616409|0.10982461273670197|0.020724477246403694|1.8303754329681396|0.05989348143339157|1.525072693824768,0.7215744853019714|0.689566969871521|0.8793971538543701|0.967453122138977|0.9407376050949097|0.999322772026062|0.9896182417869568|0.9842118620872498|0.9973945617675781|0.3978288471698761|0.9899346232414246|0.5440106987953186
data/oldNepaliDataset_new/images/DNA_0013_0522/eSc_line_afdd918d.png,80,84,11,0.1375,0.08695652335882187,न|स|मक|ो|ह|े|रत|रद|श|ु|भ,0.06061360612511635|0.011505807749927044|0.00017534370999783278|0.00040994613664224744|0.021211516112089157|7.291607471415773e-05|0.012732584029436111|0.9891537427902222|0.04497963935136795|0.11020682752132416|2.0284876823425293,0.9901993870735168|0.9989726543426514|0.9999881982803345|0.9999681711196899|0.9968962669372559|0.9999954700469971|0.998653769493103|0.5395382046699524|0.9939749836921692|0.9770897030830383|0.4273797571659088
data/oldNepaliDataset_new/images/12/eSc_line_523ebf30.png,79,81,3,0.0379746835443038,0.03448275849223137,ज|्|म,0.0005743884248659015|0.6953120827674866|0.00011831642768811435,0.9999581575393677|0.5257136225700378|0.9999922513961792
data/oldNepaliDataset_new/images/DNA_1_00000410/eSc_line_c26bc6a5.png,31,32,2,0.06451612903225806,0.05882352963089943,स|।,0.5573894381523132|6.948642840143293e-05,0.7811900973320007|0.9999958276748657
data/oldNepaliDataset_new/images/12/eSc_line_f82cb691.png,91,89,7,0.07692307692307693,0.0714285746216774,मन|ह|ा|र|वन|ु,0.08739741891622543|0.7289206981658936|0.0009595677256584167|0.7772237658500671|0.0050582061521708965|0.00011254454148001969,0.9874520897865295|0.7896325588226318|0.999913215637207|0.7930314540863037|0.9994363188743591|0.9999923706054688
data/oldNepaliDataset_new/images/CA__The Cambridge Manuscript_Page_010/eSc_line_4738ac1b.png,64,63,2,0.03125,0.012987012974917889,र|सम,0.19466254115104675|0.0003865624312311411,0.9524306058883667|0.9999734163284302
data/oldNepaliDataset_new/images/DNA_1_00000410/eSc_line_af1e2515.png,37,39,8,0.21621621621621623,0.1463414579629898,क|ै|।|र|ा|क,0.007616100367158651|0.19771714508533478|2.9694461773033254e-05|0.0036857433151453733|3.97050280298572e-05|0.01820165477693081,0.9990652203559875|0.95082026720047|0.9999983310699463|0.9996126294136047|0.9999977350234985|0.997398853302002
data/oldNepaliDataset_new/images/CA__The Cambridge Manuscript_Page_006/eSc_line_a058c687.png,66,66,0,0.0,0.0,,,
data/oldNepaliDataset_new/images/CA__The Cambridge Manuscript_Page_007/eSc_line_8eb16da8.png,74,74,2,0.02702702702702703,0.025316456332802773,द|ै,0.34571605920791626|0.6890385150909424,0.8909536004066467|0.5498510003089905
data/oldNepaliDataset_new/images/DNA_0013_0427/eSc_line_719e77fe.png,34,33,1,0.029411764705882353,0.025641025975346565,,,
data/oldNepaliDataset_new/images/18/eSc_line_814a313d.png,86,85,3,0.03488372093023256,0.043478261679410934,ं|क|-,1.2082022428512573|0.05624008551239967|0.02001677267253399,0.5067461729049683|0.9906542897224426|0.9975805282592773
data/oldNepaliDataset_new/images/CA__The Cambridge Manuscript_Page_003/eSc_line_fdf0e1f2.png,70,70,1,0.014285714285714285,0.012820512987673283,ा,7.175113569246605e-05,0.9999948740005493
data/oldNepaliDataset_new/images/14/eSc_line_727b43d5.png,70,72,3,0.04285714285714286,0.012987012974917889,ह|ु|न,0.9109835624694824|0.0293946024030447|1.1787474250013474e-05,0.6369082927703857|0.9959067106246948|0.9999994039535522
data/oldNepaliDataset_new/images/DNA_0012_0519/eSc_line_6afac64e.png,32,32,1,0.03125,0.02777777798473835,न,0.00024330709129571915,0.9999809265136719
data/oldNepaliDataset_new/images/CA__The Cambridge Manuscript_Page_001/eSc_line_8ee81107.png,4,4,0,0.0,0.0,,,
data/oldNepaliDataset_new/images/DNA_1_00000285/eSc_line_c26134b7.png,28,27,4,0.14285714285714285,0.12903225421905518,्|ु,0.18446412682533264|0.146558940410614,0.9610161185264587|0.9699119925498962
data/oldNepaliDataset_new/images/DNA_0013_0433/eSc_line_f01aefc6.png,56,54,3,0.05357142857142857,0.050847455859184265,व,0.01329350471496582,0.9983187913894653
data/oldNepaliDataset_new/images/DNA_0013_0382/eSc_line_8a3eb5b3.png,9,10,1,0.1111111111111111,0.10000000149011612,्,0.0028157788328826427,0.9997352957725525
data/oldNepaliDataset_new/images/DNA_1_00000054/eSc_line_11640de7.png,59,57,3,0.05084745762711865,0.04918032884597778,य,1.5583780623273924e-05,0.9999991655349731
data/oldNepaliDataset_new/images/DNA_0013_0160/eSc_line_5d818ce8.png,139,123,38,0.2733812949640288,0.3400000035762787,म|ो|ग|र|न|्|त|ि|त|्|य|ा|क|ि|य|ा|म|न|ु|क|ो|ल|ू|रह|द|े|व,0.6696160435676575|0.005697638727724552|0.022531023249030113|1.0543750524520874|1.4161560535430908|0.45604217052459717|1.2764869928359985|2.2873148918151855|2.8453245162963867|0.05444435775279999|2.0639491081237793|2.585888385772705|1.2954704761505127|0.6430796384811401|0.011456118896603584|0.0008159492863342166|1.4785146713256836|0.004334691446274519|1.72804830071982e-05|0.3552960157394409|0.13491447269916534|4.8791171138873324e-05|0.08284197747707367|2.896982431411743|1.484787106513977|0.6858893036842346|0.3324779272079468,0.6208708882331848|0.9994588494300842|0.997685432434082|0.572490394115448|0.5939128398895264|0.9333054423332214|0.7252510786056519|0.4069332480430603|0.32801976799964905|0.9916421175003052|0.5346292853355408|0.28202545642852783|0.7474213242530823|0.6781058311462402|0.9989192485809326|0.9999369382858276|0.5317519903182983|0.999625563621521|0.9999991655349731|0.8938586711883545|0.9765758514404297|0.9999971389770508|0.9888823628425598|0.3605354130268097|0.6497294902801514|0.8101920485496521|0.9351103901863098
data/oldNepaliDataset_new/images/DNA_2_00000036_result/eSc_line_f38d2bf1.png,32,33,1,0.03125,0.03030303120613098,.,0.00432912353426218,0.9994982481002808
data/oldNepaliDataset_new/images/DNA_2_00000051_result/eSc_line_35393549.png,42,41,3,0.07142857142857142,0.0833333358168602,व|त|.,0.6678792834281921|0.026791030541062355|0.6628103256225586,0.6708716154098511|0.9959795475006104|0.8019552826881409
data/oldNepaliDataset_new/images/DNA_1_00000321/eSc_line_f3eff00e.png,41,40,5,0.12195121951219512,0.15555556118488312,द|्|ु|र|द,0.7213329076766968|0.6599833369255066|0.10301651805639267|0.0001771570387063548|1.518385648727417,0.7984330058097839|0.703163206577301|0.9787391424179077|0.9999864101409912|0.41405177116394043
data/oldNepaliDataset_new/images/DNA_0013_0165/eSc_line_9d25e992.png,32,30,2,0.0625,0.05882352963089943,,,
data/oldNepaliDataset_new/images/DNA_0001_0368/eSc_line_e719874c.png,52,52,0,0.0,0.0,,,
data/oldNepaliDataset_new/images/12/eSc_line_429ce9d5.png,80,80,2,0.025,0.021978022530674934,घ|वन,1.0782694816589355|0.19619420170783997,0.547048807144165|0.9551674127578735
data/oldNepaliDataset_new/images/DNA_0015_0290/eSc_line_9e25fd18.png,69,69,5,0.07246376811594203,0.0810810774564743,ल|य|क|र|य,0.6429153680801392|5.840850008098641e-06|2.602339009172283e-05|1.0936391353607178|0.34129488468170166,0.6797627210617065|0.9999998807907104|0.9999986886978149|0.6617934703826904|0.9296379089355469
data/oldNepaliDataset_new/images/CA__The Cambridge Manuscript_Page_022/eSc_line_5cdba9de.png,71,74,7,0.09859154929577464,0.1066666692495346,ी|ष|े|त|ी|ा,9.036227129399776e-05|0.7205731868743896|0.04814618080854416|1.369834065437317|0.24262161552906036|3.679188739624806e-05,0.9999943971633911|0.8418095111846924|0.9917940497398376|0.5124200582504272|0.9359055757522583|0.9999979734420776
data/oldNepaliDataset_new/images/DNA_1_00000026/eSc_line_e645e303.png,5,3,1,0.2,0.6000000238418579,आ,0.48392021656036377,0.8121933937072754
data/oldNepaliDataset_new/images/DNA_0012_0638/eSc_line_66b1a7c0.png,57,59,3,0.05263157894736842,0.016393441706895828,म|ं|न,0.5464043617248535|0.3721868097782135|0.000796369044110179,0.8906998634338379|0.9297268986701965|0.9999392032623291
data/oldNepaliDataset_new/images/DNA_0001_0367/eSc_line_940decf3.png,47,47,0,0.0,0.0,,,
data/oldNepaliDataset_new/images/CA__The Cambridge Manuscript_Page_003/eSc_line_371b0c2a.png,2,2,0,0.0,0.0,,,
data/oldNepaliDataset_new/images/DNA_0012_0006/eSc_line_623e9566.png,58,58,2,0.034482758620689655,0.04838709533214569,.|ल,0.6957135200500488|1.638633693801239e-05,0.5605318546295166|0.9999991655349731
data/oldNepaliDataset_new/images/DNA_0001_0177/eSc_line_11f521cd.png,50,49,6,0.12,0.17307692766189575,आ|श|श|्|र|स,0.484521746635437|1.0715432167053223|0.4289953410625458|4.1555456846253946e-05|1.0616627150739077e-05|0.3386422097682953,0.8228093385696411|0.5673800706863403|0.8969595432281494|0.9999973773956299|0.9999995231628418|0.9170529246330261
data/oldNepaliDataset_new/images/DNA_0013_0472/eSc_line_61842f4b.png,11,13,2,0.18181818181818182,0.1818181872367859,श|्,8.645769412396476e-06|1.0441721315146424e-05,0.9999996423721313|0.9999994039535522
data/oldNepaliDataset_new/images/DNA_2_00000394_result/eSc_line_b9d14a46.png,38,39,1,0.02631578947368421,0.023255813866853714,.,2.2044907382223755e-05,0.9999988079071045
data/oldNepaliDataset_new/images/DNA_1_00000523/eSc_line_27906391.png,32,35,6,0.1875,0.1621621549129486,र|ु|्|ञ|ा|व,0.07419580966234207|0.40074098110198975|0.0009497143910266459|0.1546112447977066|0.0034489997196942568|2.1995606422424316,0.9867527484893799|0.8633188009262085|0.9999172687530518|0.9786515831947327|0.999707043170929|0.22922492027282715
data/oldNepaliDataset_new/images/18/eSc_line_187b369b.png,78,79,3,0.038461538461538464,0.023255813866853714,र|ई|न,0.7054781913757324|0.00011847923451568931|0.00016642427362967283,0.519059419631958|0.9999929666519165|0.9999889135360718
data/oldNepaliDataset_new/images/DNA_1_00000321/eSc_line_0d3a72d4.png,42,38,4,0.09523809523809523,0.13636364042758942,अ|द,0.013914661481976509|0.1797698736190796,0.9981118440628052|0.957040548324585
data/oldNepaliDataset_new/images/CA__The Cambridge Manuscript_Page_010/eSc_line_96ddffb7.png,76,74,2,0.02631578947368421,0.02469135820865631,,,
data/oldNepaliDataset_new/images/DNA_1_00000054/eSc_line_b9d1aad5.png,49,51,2,0.04081632653061224,0.035087719559669495,र|्,0.8259233832359314|0.00025966321118175983,0.7088296413421631|0.9999827146530151
data/oldNepaliDataset_new/images/DNA_1_00000137/eSc_line_926ba090.png,49,51,12,0.24489795918367346,0.1785714328289032,व|ह|म|र|ा|फ|्|ल|ा|म,0.3460651934146881|0.25603222846984863|0.0008994262898340821|0.06129707768559456|5.2102579502388835e-05|0.018324755132198334|0.0009486565249972045|0.7094362378120422|0.00010255734378006309|0.01918056048452854,0.9333277344703674|0.9681379199028015|0.9999300241470337|0.9892590641975403|0.9999969005584717|0.9978896975517273|0.9999202489852905|0.6446511149406433|0.9999935626983643|0.9972422122955322
data/oldNepaliDataset_new/images/DNA_0013_0522/eSc_line_f6d4cdff.png,79,78,14,0.17721518987341772,0.1882352977991104,पन|ु|ु|ा|न|्|ध|सम|ा|्,1.1105989217758179|0.00032603679574094713|1.866178536147345e-05|0.041831061244010925|0.002288732910528779|0.0030587660148739815|0.9360570907592773|0.8130582571029663|0.4497082233428955|0.10967865586280823,0.6767222881317139|0.9999750852584839|0.9999990463256836|0.9946158528327942|0.9997636675834656|0.9997172951698303|0.7028495669364929|0.8181080222129822|0.8475393652915955|0.979780375957489
data/oldNepaliDataset_new/images/DNA_1_00000116/eSc_line_b57c265c.png,58,58,0,0.0,0.0,,,
data/oldNepaliDataset_new/images/DNA_1_00000285/eSc_line_02f4bb0c.png,30,30,0,0.0,0.0,,,
data/oldNepaliDataset_new/images/DNA_0001_0367/eSc_line_256ca5e8.png,54,54,0,0.0,0.0,,,
data/oldNepaliDataset_new/images/DNA_2_00000264_result/eSc_line_8cf2b037.png,44,44,2,0.045454545454545456,0.043478261679410934,्,0.018317945301532745,0.9974656105041504
data/oldNepaliDataset_new/images/CA__The Cambridge Manuscript_Page_022/eSc_line_60e25e8e.png,71,74,7,0.09859154929577464,0.08860759437084198,ल|्|स|ष|्|म,1.1271616220474243|0.12704142928123474|0.04319234937429428|0.45049500465393066|1.4173514500726014e-05|2.384857177734375,0.5749208331108093|0.9722484350204468|0.9951052665710449|0.9212216138839722|0.9999994039535522|0.3123131990432739
data/oldNepaliDataset_new/images/DNA_1_00000523/eSc_line_348e7b35.png,30,29,5,0.16666666666666666,0.21875,न|भ|रल|्|च,0.7035374641418457|0.5354426503181458|0.04655854403972626|0.0017159550916403532|1.016369104385376,0.5292443037033081|0.778570830821991|0.9931938648223877|0.9998502731323242|0.574053943157196
data/oldNepaliDataset_new/images/DNA_0012_0007/eSc_line_bce9a999.png,49,47,5,0.10204081632653061,0.09615384787321091,6|न|ौ,1.1283930540084839|1.5202228496491443e-05|3.775498043978587e-05,0.45985308289527893|0.9999992847442627|0.999997615814209
data/oldNepaliDataset_new/images/DNA_1_00000523/eSc_line_33bb25de.png,27,28,3,0.1111111111111111,0.1071428582072258,्|क,0.10678625851869583|1.4675999879837036,0.977797269821167|0.6302585005760193
data/oldNepaliDataset_new/images/DNA_1_00000410/eSc_line_976a1d84.png,41,39,4,0.0975609756097561,0.09090909361839294,ह|फ,1.1799243688583374|0.7811891436576843,0.5426045060157776|0.7278107404708862
data/oldNepaliDataset_new/images/CA__The Cambridge Manuscript_Page_006/eSc_line_df4a0b9e.png,77,74,4,0.05194805194805195,0.058139536529779434,जन|्,0.4260839521884918|8.81022606336046e-06,0.8790792226791382|0.9999995231628418
data/oldNepaliDataset_new/images/DNA_1_00000404/eSc_line_c6d04768.png,32,32,3,0.09375,0.09090909361839294,र|द|श,0.03618486970663071|0.6532326340675354|0.2078356146812439,0.9945350885391235|0.7074856162071228|0.9645984172821045
data/oldNepaliDataset_new/images/DNA_0012_0006/eSc_line_6115d686.png,43,43,0,0.0,0.0,,,
data/oldNepaliDataset_new/images/11/eSc_line_eba28e0a.png,82,81,1,0.012195121951219513,0.02298850566148758,ु,0.31399044394493103,0.9052461385726929
data/oldNepaliDataset_new/images/CA__The Cambridge Manuscript_Page_005/eSc_line_92846528.png,88,87,5,0.056818181818181816,0.05263157933950424,ु|ह|य|श,1.4428082704544067|0.002748842118307948|0.6315145492553711|0.9956510066986084,0.4053040146827698|0.9997738003730774|0.6801636219024658|0.5702837705612183
data/oldNepaliDataset_new/images/CA__The Cambridge Manuscript_Page_004/eSc_line_52acc85d.png,82,84,3,0.036585365853658534,0.032967034727334976,्|न|ी,0.004874857608228922|1.3226276636123657|2.3967695597093552e-06,0.9994803071022034|0.43549150228500366|0.9999998807907104
data/oldNepaliDataset_new/images/CA__The Cambridge Manuscript_Page_008/eSc_line_65317b7d.png,81,80,3,0.037037037037037035,0.04444444552063942,न|य|द,0.019047576934099197|0.001598432194441557|0.00016103978850878775,0.9973176121711731|0.9998773336410522|0.9999889135360718
data/oldNepaliDataset_new/images/DNA_1_00000631/eSc_line_c1e453d6.png,27,27,1,0.037037037037037035,0.03125,ू,0.5316148996353149,0.7791146039962769
data/oldNepaliDataset_new/images/DNA_0012_0638/eSc_line_fbf558b7.png,17,17,0,0.0,0.0,,,
data/oldNepaliDataset_new/images/CA__The Cambridge Manuscript_Page_008/eSc_line_b1d35cf5.png,72,72,1,0.013888888888888888,0.012987012974917889,त,0.5466100573539734,0.8479410409927368
data/oldNepaliDataset_new/images/DNA_2_00000327_result/eSc_line_f5706f3a.png,65,65,9,0.13846153846153847,0.1527777761220932,ो|त|म|2|ष|ो|प|प|ा,0.0015905783511698246|0.2813343405723572|0.0009079410810954869|0.7072262763977051|0.052201103419065475|4.254754458088428e-05|0.09828230738639832|0.5517908930778503|0.009056597016751766,0.9998685121536255|0.9207910299301147|0.9999243021011353|0.7988035082817078|0.9912782311439514|0.9999974966049194|0.9837248921394348|0.8638458251953125|0.998964786529541
data/oldNepaliDataset_new/images/DNA_0013_0382/eSc_line_ad351e13.png,9,8,1,0.1111111111111111,0.1111111119389534,,,
data/oldNepaliDataset_new/images/15/eSc_line_0e9c5d70.png,79,77,4,0.05063291139240506,0.06976744532585144,पन|अ|ल|ि,0.04198481887578964|1.6266944408416748|1.7334342002868652|6.44503888906911e-05,0.9941645264625549|0.3479768931865692|0.3561244606971741|0.9999957084655762
data/oldNepaliDataset_new/images/18/eSc_line_9cf1f290.png,71,71,0,0.0,0.0,,,
data/oldNepaliDataset_new/images/DNA_0012_0638/eSc_line_362365cc.png,43,43,6,0.13953488372093023,0.1489361673593521,र|ा|रव|.|ू|ड,0.19301824271678925|0.00019956751202698797|0.40112316608428955|0.0007746005430817604|0.029222238808870316|0.008510115556418896,0.956889808177948|0.9999865293502808|0.8935033679008484|0.9999406337738037|0.9960126876831055|0.9990254640579224
data/oldNepaliDataset_new/images/DNA_0014_0242/eSc_line_44d89cea.png,47,44,3,0.06382978723404255,0.08163265138864517,अ,0.6767905354499817,0.5993568897247314
data/oldNepaliDataset_new/images/DNA_2_00000224_result/eSc_line_1e641614.png,55,51,8,0.14545454545454545,0.16393442451953888,क|ष|व|ा|मक|ह|लक|े,0.006350643467158079|0.8273162245750427|0.7204892039299011|0.0007204491994343698|1.4428443908691406|0.014822135679423809|0.002777467481791973|0.0010880548506975174,0.9993510842323303|0.5448988080024719|0.6991585493087769|0.999947190284729|0.5078927874565125|0.998101532459259|0.9997518658638|0.9999169111251831
data/oldNepaliDataset_new/images/DNA_1_00000523/eSc_line_5a77832a.png,24,26,3,0.125,0.09677419066429138,्|न|घ,1.9821953173959628e-05|0.00011559320410015061|2.0247297286987305,0.9999990463256836|0.999992847442627|0.4824816882610321
data/oldNepaliDataset_new/images/DNA_1_00000631/eSc_line_0420559b.png,34,34,1,0.029411764705882353,0.025641025975346565,ट,0.00020387308904901147,0.9999852180480957
data/oldNepaliDataset_new/images/DNA_1_00000285/eSc_line_703da233.png,39,40,2,0.05128205128205128,0.0476190485060215,म|ु,0.551773190498352|0.004301912151277065,0.8146815299987793|0.9995719790458679
data/oldNepaliDataset_new/images/16/eSc_line_3b1f7e45.png,85,81,6,0.07058823529411765,0.09677419066429138,म|घ|अ|मल|म|-,0.030219988897442818|0.29570522904396057|0.44634684920310974|0.034976158291101456|0.011883459985256195|0.00015888421330600977,0.9952951073646545|0.9392421245574951|0.8572714924812317|0.9950543642044067|0.9985013008117676|0.9999896287918091
data/oldNepaliDataset_new/images/DNA_2_00000293_result/eSc_line_c24eea61.png,46,48,3,0.06521739130434782,0.06122449040412903,भ|्|र,0.8996896743774414|0.01338692381978035|0.006166490260511637,0.5931046009063721|0.9982339143753052|0.9993205070495605
data/oldNepaliDataset_new/images/DNA_2_00000264_result/eSc_line_f725eaee.png,43,44,3,0.06976744186046512,0.05999999865889549,्|ै|क,0.6379741430282593|0.6907219886779785|0.05140800029039383,0.6670011281967163|0.5479850769042969|0.9918728470802307
data/oldNepaliDataset_new/images/DNA_1_00000321/eSc_line_ce97bf2d.png,46,47,6,0.13043478260869565,0.17391304671764374,र|ो|ध|्|.|द,0.00020372281142044812|0.003599717514589429|0.3512166142463684|0.14105558395385742|4.205048753647134e-05|0.0017906961729750037,0.9999836683273315|0.999607264995575|0.9108784198760986|0.9818508625030518|0.9999973773956299|0.9998279809951782
data/oldNepaliDataset_new/images/CA__The Cambridge Manuscript_Page_002/eSc_line_1be0bf8b.png,7,6,1,0.14285714285714285,0.2222222238779068,ग,0.4796404242515564,0.9095068573951721
data/oldNepaliDataset_new/images/DNA_0014_0242/eSc_line_2a2ab07e.png,30,30,2,0.06666666666666667,0.05714285746216774,ं|म,0.6669270992279053|0.6756372451782227,0.6244407892227173|0.6269919276237488
data/oldNepaliDataset_new/images/DNA_2_00000394_result/eSc_line_efd83da7.png,46,47,3,0.06521739130434782,0.05882352963089943,ा|च|ा,0.7670433521270752|0.004266136325895786|0.016210341826081276,0.7180834412574768|0.9995356798171997|0.9981287121772766
data/oldNepaliDataset_new/images/DNA_0012_0006/eSc_line_40714bf3.png,56,56,0,0.0,0.0,,,
data/oldNepaliDataset_new/images/CA__The Cambridge Manuscript_Page_009/eSc_line_b6a051ea.png,4,4,3,0.75,0.75,वन|्|त,0.07541591674089432|0.025130823254585266|2.275136709213257,0.9858037233352661|0.9963173866271973|0.3115507662296295
data/oldNepaliDataset_new/images/16/eSc_line_51315b16.png,78,78,4,0.05128205128205128,0.048192769289016724,।|ष|प,2.371508836746216|0.46626460552215576|0.00039527364424429834,0.3150155544281006|0.9164406061172485|0.9999723434448242
data/oldNepaliDataset_new/images/CA__The Cambridge Manuscript_Page_004/eSc_line_8ae14cd2.png,74,72,2,0.02702702702702703,0.0470588244497776,रल|.,0.02205861173570156|0.0007144605042412877,0.9968553781509399|0.9999408721923828
data/oldNepaliDataset_new/images/DNA_0013_0472/eSc_line_bd39e1c3.png,79,69,11,0.13924050632911392,0.14942528307437897,श|मद|पर|्|्|ण,0.37656912207603455|0.8819564580917358|0.05821743980050087|0.0002633185649756342|0.44024357199668884|0.8368930816650391,0.9009446501731873|0.6063933372497559|0.9902108907699585|0.9999798536300659|0.8533883690834045|0.7022030353546143
data/oldNepaliDataset_new/images/DNA_0014_0296/eSc_line_7e2194e4.png,44,44,0,0.0,0.0,,,
data/oldNepaliDataset_new/images/DNA_2_00000051_result/eSc_line_8789ba18.png,36,36,0,0.0,0.0,,,
data/oldNepaliDataset_new/images/DNA_0003_0551/eSc_line_e0ef34c9.png,42,41,9,0.21428571428571427,0.17391304671764374,उ|क|्|र|ू|द|हर,9.102669719140977e-05|0.0002798507339321077|0.018928490579128265|0.1885978728532791|0.0007225809968076646|1.3581995964050293|2.16318416595459,0.9999945163726807|0.9999809265136719|0.9973539113998413|0.971842348575592|0.9999456405639648|0.45462727546691895|0.2831336259841919
data/oldNepaliDataset_new/images/DNA_1_00000631/eSc_line_ae6ecb13.png,33,32,3,0.09090909090909091,0.0810810774564743,ू|ौं|ड,0.12400054931640625|0.6883006691932678|0.06444114446640015,0.9730926156044006|0.5685504078865051|0.9899341464042664
data/oldNepaliDataset_new/images/DNA_0015_0290/eSc_line_0bc1f3a4.png,56,56,2,0.03571428571428571,0.032786883413791656,3|द,0.2321893274784088|0.6401501297950745,0.9535235166549683|0.6828871369361877
data/oldNepaliDataset_new/images/DNA_2_00000030_result/eSc_line_af4f4b1f.png,47,47,1,0.02127659574468085,0.019607843831181526,श,0.732801616191864,0.7607182860374451
data/oldNepaliDataset_new/images/DNA_0013_0472/eSc_line_96c4e9cd.png,85,78,13,0.15294117647058825,0.1702127605676651,त|ी|5|ष|े|व|ं|च,5.843558756168932e-05|7.702442235313356e-05|0.0005347889964468777|0.00013107701670378447|0.0006571426638402045|0.022148193791508675|0.08489390462636948|1.4351108074188232,0.9999963045120239|0.9999949932098389|0.9999611377716064|0.999990701675415|0.9999430179595947|0.9971420168876648|0.990096926689148|0.616046130657196
data/oldNepaliDataset_new/images/DNA_0001_0367/eSc_line_7e967026.png,55,55,0,0.0,0.0,,,
data/oldNepaliDataset_new/images/DNA_0013_0376/eSc_line_7d1110a0.png,35,35,0,0.0,0.0,,,
data/oldNepaliDataset_new/images/DNA_2_00000293_result/eSc_line_a21a10a4.png,40,39,2,0.05,0.04444444552063942,ष,0.7105301022529602,0.5734696984291077
data/oldNepaliDataset_new/images/CA__The Cambridge Manuscript_Page_006/eSc_line_b4178765.png,65,66,4,0.06153846153846154,0.06849315017461777,द|्|ध|आ,0.8391708731651306|0.00034374117967672646|1.4781421422958374|0.43534260988235474,0.6596230268478394|0.9999706745147705|0.35261714458465576|0.8471289277076721
data/oldNepaliDataset_new/images/CA__The Cambridge Manuscript_Page_009/eSc_line_dff5320d.png,70,70,0,0.0,0.0,,,
data/oldNepaliDataset_new/images/DNA_14_00000283/eSc_line_f25d5749.png,55,48,8,0.14545454545454545,0.18333333730697632,प|ठ|ू|ल,0.14051154255867004|1.2696294784545898|0.2085934579372406|0.8954050540924072,0.9748498201370239|0.5907660126686096|0.9514994025230408|0.633180558681488
data/oldNepaliDataset_new/images/DNA_14_00000283/eSc_line_926131d6.png,23,23,0,0.0,0.0,,,
data/oldNepaliDataset_new/images/CA__The Cambridge Manuscript_Page_006/eSc_line_432ee03b.png,73,73,0,0.0,0.0,,,
data/oldNepaliDataset_new/images/DNA_2_00000161_result/eSc_line_e11b7c8d.png,5,6,3,0.6,0.6000000238418579,अ|र|ज,0.004885138478130102|0.0017605640459805727|0.050355661660432816,0.9995108842849731|0.9998601675033569|0.9941737055778503
data/oldNepaliDataset_new/images/DNA_2_00000293_result/eSc_line_c312b996.png,45,45,2,0.044444444444444446,0.0416666679084301,ू|ँ,1.546012754261028e-05|0.017277916893363,0.9999992847442627|0.9978626370429993
data/oldNepaliDataset_new/images/CA__The Cambridge Manuscript_Page_005/eSc_line_53eebafc.png,73,73,0,0.0,0.0,,,
data/oldNepaliDataset_new/images/CA__The Cambridge Manuscript_Page_022/eSc_line_991cacc7.png,78,77,7,0.08974358974358974,0.0714285746216774,्|न|द|न,0.28818386793136597|0.00017627111810725182|0.8550053834915161|0.29649031162261963,0.9203285574913025|0.99998939037323|0.7738512754440308|0.913903534412384
data/oldNepaliDataset_new/images/CA__The Cambridge Manuscript_Page_004/eSc_line_9e25dcd2.png,75,76,1,0.013333333333333334,0.011904762126505375,ं,0.6916719079017639,0.5489603877067566
data/oldNepaliDataset_new/images/CA__The Cambridge Manuscript_Page_021/eSc_line_b4f53f7e.png,79,77,5,0.06329113924050633,0.0625,1|म,1.6016238927841187|0.0012119235470890999,0.48273417353630066|0.9998887777328491
data/oldNepaliDataset_new/images/DNA_1_00000285/eSc_line_fc52f2d4.png,37,38,3,0.08108108108108109,0.07894736528396606,4|प|ु,0.7330687642097473|0.49534547328948975|0.0004662798601202667,0.5427542328834534|0.874439537525177|0.9999610185623169
data/oldNepaliDataset_new/images/DNA_1_00000137/eSc_line_83825be5.png,49,49,3,0.061224489795918366,0.03846153989434242,ा|ह,0.16589906811714172|0.000699403346516192,0.9668186902999878|0.999942421913147
data/oldNepaliDataset_new/images/CA__The Cambridge Manuscript_Page_002/eSc_line_19b909fa.png,78,78,1,0.01282051282051282,0.01149425283074379,द,0.7456243634223938,0.5744978189468384
data/oldNepaliDataset_new/images/CA__The Cambridge Manuscript_Page_003/eSc_line_f55a0731.png,73,72,3,0.0410958904109589,0.06666667014360428,श|यत|-,0.7361805438995361|0.006470852065831423|0.025421567261219025,0.6505836844444275|0.9993615746498108|0.9967771172523499
data/oldNepaliDataset_new/images/DNA_0001_0368/eSc_line_9a6686ac.png,22,22,2,0.09090909090909091,0.0833333358168602,7|1,0.6814092993736267|0.7629023194313049,0.8445910811424255|0.6379212737083435
data/oldNepaliDataset_new/images/CA__The Cambridge Manuscript_Page_009/eSc_line_34336fbf.png,96,94,2,0.020833333333333332,0.01923076994717121,,,
data/oldNepaliDataset_new/images/DNA_1_00000026/eSc_line_d2d21031.png,21,21,0,0.0,0.0,,,
